date,description,debit,credit,balance,source_image
2023-08-08,OO ESSN ot,,350.0,10804.33,2023_August_Statement (6)_page_2_table_1.png
2023-08-09,VANTAGE TOYOTA CD 0523,288.0,,10516.33,2023_August_Statement (6)_page_2_table_1.png
2023-08-10,HMRC E VAT 0000148023,960.0,,9556.33,2023_August_Statement (6)_page_2_table_1.png
2023-08-10,ee NSE,,832.0,10388.33,2023_August_Statement (6)_page_2_table_1.png
2023-08-10,$Oo900001179221216 RADIO,500.0,,9888.33,2023_August_Statement (6)_page_2_table_1.png
2023-08-10,eBay 0*19-10389-11CD 0515,16.45,,9871.88,2023_August_Statement (6)_page_2_table_1.png
2023-08-10,NO a pgoooet 186200789,200.0,,9671.88,2023_August_Statement (6)_page_2_table_1.png
2023-08-11,Oe ESS anaat,,250.0,9921.88,2023_August_Statement (6)_page_2_table_1.png
2023-08-11,Hac EBK *Q624VSTSG2 CD,31.67,,9890.21,2023_August_Statement (6)_page_2_table_1.png
2023-08-14,TESCOEFS 3888 CD 0528,44.4,,9845.81,2023_August_Statement (6)_page_2_table_1.png
2023-08-14,PREMIER INN CD 0523,277.95,,9567.86,2023_August_Statement (6)_page_2_table_1.png
2023-08-14,BEDUL Mol 99643 WEB,250.0,,9317.86,2023_August_Statement (6)_page_2_table_1.png
2023-08-14,TFLTRAVEL CH CD 0523,3.5,,9314.36,2023_August_Statement (6)_page_2_table_1.png
2023-08-14,PREMIER INN CD 0523,196.35,,9118.01,2023_August_Statement (6)_page_2_table_1.png
2023-08-15,"eBay 0""14-10408-99CD 0515",17.94,,9100.07,2023_August_Statement (6)_page_2_table_1.png
2023-08-15,eBay 020-10405-74CD 0515 ‘,42.2,,9057.87,2023_August_Statement (6)_page_2_table_1.png
2023-08-15,REDBRIDGE PARKS CD 0523.—‘ -,1.4,,9056.47,2023_August_Statement (6)_page_2_table_1.png
2023-08-15,REDBRIDGE PARKS CD 0523_— -,1.4,,9055.07,2023_August_Statement (6)_page_2_table_1.png
2023-08-15,SHELL200ILFORDLCD 0523,52.76,,9002.31,2023_August_Statement (6)_page_2_table_1.png
2023-08-15," GOUITY CAR HIRE LTENGINE  Fpl 1,550.00 10,552.31",1550.0,,10552.31,2023_August_Statement (6)_page_2_table_1.png
2023-08-16,OT TSE Noa,,155.0,10707.31,2023_August_Statement (6)_page_2_table_1.png
2023-08-16,eBay 0°02-10313-37CD0515,8.66,,10715.97,2023_August_Statement (6)_page_3_table_1.png
2023-08-16,eee oacce3paRTs,3600.0,,7115.97,2023_August_Statement (6)_page_3_table_1.png
2023-08-17,Oe,160.1,,6955.87,2023_August_Statement (6)_page_3_table_1.png
2023-08-17,Oe eee otact,,235.0,7190.87,2023_August_Statement (6)_page_3_table_1.png
2023-08-17,Amazon.co.uk*1F6K1 CD 0523,269.99,,6920.88,2023_August_Statement (6)_page_3_table_1.png
2023-08-17,OE at PRIUS,240.0,,6680.88,2023_August_Statement (6)_page_3_table_1.png
2023-08-18,Oe eee,,600.0,7280.88,2023_August_Statement (6)_page_3_table_1.png
2023-08-18,eBay 0*14-10424-11CD 0515,20.39,,7260.49,2023_August_Statement (6)_page_3_table_1.png
2023-08-18,eBay 0°18-10421-28CD 0523 « :,5.95,,7254.54,2023_August_Statement (6)_page_3_table_1.png
2023-08-18,DVLAVEHICLE TAXCD 0523_—« :,10.0,,7244.54,2023_August_Statement (6)_page_3_table_1.png
2023-08-18,COVERED INSURANCE CD,35.84,,7208.7,2023_August_Statement (6)_page_3_table_1.png
2023-08-08,GCTLTD T/A GTSE CD 0523,4329.0,,7165.41,2023_August_Statement (6)_page_3_table_1.png
2023-08-21,FESS,,1790.0,8955.41,2023_August_Statement (6)_page_3_table_1.png
2023-08-21,tt tft e7531163,250.0,,8705.41,2023_August_Statement (6)_page_3_table_1.png
2023-08-21,SBay 07111042738,14.82,,8690.59,2023_August_Statement (6)_page_3_table_1.png
2023-08-21,4S AEE TROUUPT CD 0523,19.97,,8670.62,2023_August_Statement (6)_page_3_table_1.png
2023-08-21,ASDA STORES JPETRO CD,70.0,,8600.62,2023_August_Statement (6)_page_3_table_1.png
2023-08-21,OT eee MT,,260.0,8860.62,2023_August_Statement (6)_page_3_table_1.png
2023-08-21,JOD EETROUUPT CD 0523,19.99,,8825.63,2023_August_Statement (6)_page_3_table_1.png
2023-08-21,MERCHANT RENTALS,26.39,,8799.24,2023_August_Statement (6)_page_3_table_1.png
2023-08-21,APPLE.COMBILL CD 0523,2.99,,8789.25,2023_August_Statement (6)_page_4_table_1.png
2023-08-22,OTT et aE od1 PRIUS,1640.0,,7149.25,2023_August_Statement (6)_page_4_table_1.png
2023-08-22,[NO_DESCRIPTION],1200.0,,8349.25,2023_August_Statement (6)_page_4_table_1.png
2023-08-23,GAN,,500.0,9319.25,2023_August_Statement (6)_page_4_table_1.png
2023-08-23,.  TESCO PAY AT PUMP CD 0523,20.01,,9299.24,2023_August_Statement (6)_page_4_table_1.png
2023-08-23,eBay 0*09-10446-34CD 0523 ‘ :,41.81,,9257.43,2023_August_Statement (6)_page_4_table_1.png
2023-08-23,.  eBay 0*16-10443-91CD 0523,45.59,,9211.84,2023_August_Statement (6)_page_4_table_1.png
2023-08-24,OO aS SaNtat,,980.0,10191.84,2023_August_Statement (6)_page_4_table_1.png
2023-08-24,ee T eee Aa OBBJWIcrO,,900.0,11091.84,2023_August_Statement (6)_page_4_table_1.png
2023-08-24,OT Oe eee Wire,,800.0,11891.84,2023_August_Statement (6)_page_4_table_1.png
2023-08-25,OE TSE,,700.0,12543.88,2023_August_Statement (6)_page_4_table_1.png
2023-08-29,Oe Seat,,330.0,12873.88,2023_August_Statement (6)_page_4_table_1.png
2023-08-29,donpo00dT 187324768 PARTS,4750.0,,8123.88,2023_August_Statement (6)_page_4_table_1.png
2023-08-29,NN eo 188009613,250.0,,7873.88,2023_August_Statement (6)_page_4_table_1.png
2023-08-29,.  SBay O718-10453-56 CD 0528,18.01,,7855.87,2023_August_Statement (6)_page_4_table_1.png
2023-08-29,GSE CARPARTS CD 0523,324.6,,7531.27,2023_August_Statement (6)_page_4_table_1.png
2023-08-29,OTe MT,,250.0,7781.27,2023_August_Statement (6)_page_4_table_1.png
2023-08-29,ANG,,500.0,8281.27,2023_August_Statement (6)_page_4_table_1.png
2023-08-29,Motiats Motor Acc CD 0523,1121.18,,7160.09,2023_August_Statement (6)_page_4_table_1.png
2023-08-29," TEN eeasibes secon,  EPI 250.00 7,410.09",250.0,,7410.09,2023_August_Statement (6)_page_4_table_1.png
2023-12-11,Oe Ne ee Soto71,,250.0,9762.84,2023_December_Statement (4)_page_2_table_1.png
2023-12-11,Sogo00001254813397 GARAGE,450.0,,9312.84,2023_December_Statement (4)_page_2_table_1.png
2023-12-11,FO Seo,,430.0,9742.84,2023_December_Statement (4)_page_2_table_1.png
2023-12-11,"a Oe SII GDSRA  EPI 830.00 10,572.84",830.0,,10572.84,2023_December_Statement (4)_page_2_table_1.png
2023-12-11,NAAZAD spoon Wz 990822,300.0,,10272.84,2023_December_Statement (4)_page_2_table_1.png
2023-12-11,eBay 0*09-10910-90CD 0531,2.95,,10269.89,2023_December_Statement (4)_page_2_table_1.png
2023-12-11,eBay 0*09-10910-89CD 0531 ‘,4.65,,10265.24,2023_December_Statement (4)_page_2_table_1.png
2023-12-12,Oe SOOO,,310.0,10375.24,2023_December_Statement (4)_page_2_table_1.png
2023-12-12,"ee Onber ten 206085  EPI 500.00 10,875.24",500.0,,10875.24,2023_December_Statement (4)_page_2_table_1.png
2023-12-12,eo ee NGI Aas),,1450.0,12325.24,2023_December_Statement (4)_page_2_table_1.png
2023-12-13,oe Oot,1216.0,,11109.24,2023_December_Statement (4)_page_2_table_1.png
2023-12-13,Oe,,1554.0,12663.24,2023_December_Statement (4)_page_2_table_1.png
2023-12-14,PAYMENTS EE MT,,1180.0,13518.24,2023_December_Statement (4)_page_2_table_1.png
2023-12-14,EGUITY CAR HIRE LT PX10,,550.0,14068.24,2023_December_Statement (4)_page_2_table_1.png
2023-12-14,BGUITY CAR HIRE LT PX10,,250.0,14318.24,2023_December_Statement (4)_page_2_table_1.png
2023-12-14,Amazon Prime*AQ93Z.CD 0531,8.99,,14309.25,2023_December_Statement (4)_page_2_table_1.png
2023-12-15,OT OS NSE bonat,,1500.0,15809.25,2023_December_Statement (4)_page_2_table_1.png
2023-12-18,§99900001258551774 GARAGE.,450.0,,15719.25,2023_December_Statement (4)_page_3_table_1.png
2023-12-18,ete ve oasee A096,300.0,,15419.25,2023_December_Statement (4)_page_3_table_1.png
2023-12-18,[NO_DESCRIPTION],200.0,,15619.25,2023_December_Statement (4)_page_3_table_1.png
2023-12-18,ee eee eeotgase77aise,500.0,,15119.25,2023_December_Statement (4)_page_3_table_1.png
2023-12-18,SBay. O°13-10935-80 CD 0531,2.95,,15116.3,2023_December_Statement (4)_page_3_table_1.png
2023-12-18,GSF_CARPARTS CD 0531,682.66,,14433.64,2023_December_Statement (4)_page_3_table_1.png
2023-12-18,eBay 0*13-10935-90CD 0531,3.89,,14429.75,2023_December_Statement (4)_page_3_table_1.png
2023-12-18,a aS,4750.56,,9679.19,2023_December_Statement (4)_page_3_table_1.png
2023-12-18," A eae eobeKcpwM  EPI 550.00 10,229.19",550.0,,10229.19,2023_December_Statement (4)_page_3_table_1.png
2023-12-19,BOsOU PSWwwpPé-,221.45,,10007.74,2023_December_Statement (4)_page_3_table_1.png
2023-12-19,"A Oe eet Os osm  EPI 130.00 10,137.74",130.0,,10137.74,2023_December_Statement (4)_page_3_table_1.png
2023-12-09," SERVICE SUARGES REF : PAY 7.00 10,130.74",7.0,,10130.74,2023_December_Statement (4)_page_3_table_1.png
2023-12-20,Oe SE at,,1600.0,11730.74,2023_December_Statement (4)_page_3_table_1.png
2023-12-20,eee eeorieS ost,1675.0,,10085.74,2023_December_Statement (4)_page_3_table_1.png
2023-12-20,A.BAG 2omooonorZbesedss1,172.0,,9883.74,2023_December_Statement (4)_page_3_table_1.png
2023-12-20,OO Ee sot an3901,,550.0,10433.74,2023_December_Statement (4)_page_3_table_1.png
2023-12-21,MERCHANT RENTALS,26.39,,10407.35,2023_December_Statement (4)_page_3_table_1.png
2023-12-21,ONES ESE MT,,320.0,10727.35,2023_December_Statement (4)_page_3_table_1.png
2023-12-21,Rightway Cash & Ca CD 0531,45.0,,10682.35,2023_December_Statement (4)_page_3_table_1.png
2023-12-22,. ‘ : E.ON NEXT A-A94605C2-001,293.58,,10388.77,2023_December_Statement (4)_page_3_table_1.png
2023-07-07,Ot nite,,375.0,7140.71,2023_July_Statement (7)_page_2_table_1.png
2023-07-07,IKEA LTD 140 WARRICD 0515,171.25,,6969.46,2023_July_Statement (7)_page_2_table_1.png
2023-07-10,Rag ACKBURN CD 0515,22.96,,6946.5,2023_July_Statement (7)_page_2_table_1.png
2023-07-10,Aer cOCuaCNaT,,808.0,7754.5,2023_July_Statement (7)_page_2_table_1.png
2023-07-10,johgos }Y AT PUMP CD 0515,30.08,,7724.42,2023_July_Statement (7)_page_2_table_1.png
2023-07-11,Ae UTeococanaT,,200.0,7924.42,2023_July_Statement (7)_page_2_table_1.png
2023-07-11,So NOt 1461185 WEB,200.0,,7724.42,2023_July_Statement (7)_page_2_table_1.png
2023-07-12,AOE UT LOcaooT,,156.0,7880.42,2023_July_Statement (7)_page_2_table_1.png
2023-07-12,TESCO PAY AT PUMP.CD 0515,29.99,,7850.43,2023_July_Statement (7)_page_2_table_1.png
2023-07-12,AO ODDG 156071198 WEB,300.0,,7550.43,2023_July_Statement (7)_page_2_table_1.png
2023-07-14,Ha EU OCudoOOy,,980.0,8530.43,2023_July_Statement (7)_page_2_table_1.png
2023-07-17,Se petal,,1785.0,10315.43,2023_July_Statement (7)_page_2_table_1.png
2023-07-17,"A OO oo 1002887  EPO 200.00 10,115.43",200.0,,10115.43,2023_July_Statement (7)_page_2_table_1.png
2023-07-17,Tehatog NT PUMP,30.31,,10085.12,2023_July_Statement (7)_page_2_table_1.png
2023-07-17,CS aR ARTS CD 0515,868.2,,9216.92,2023_July_Statement (7)_page_2_table_1.png
2023-07-17,att,,1020.0,10236.92,2023_July_Statement (7)_page_2_table_1.png
2023-07-18,ANU CONONNT,,2180.0,12416.92,2023_July_Statement (7)_page_2_table_1.png
2023-07-18,"FO oa ARGES REF : PAY 7.00 12,409.92",7.0,,12409.92,2023_July_Statement (7)_page_2_table_1.png
2023-07-18,Rightway Cash & Ca CD 0515,15.98,,12393.94,2023_July_Statement (7)_page_2_table_1.png
2023-07-18,eBay 0*04-10304-81CD 0515 ‘,32.54,,12361.4,2023_July_Statement (7)_page_2_table_1.png
2023-07-18,eBay 0*23-10294-79CD 0515 ‘,37.19,,12324.21,2023_July_Statement (7)_page_2_table_1.png
2023-07-18,Moffat's Motor Acc CD 0515,1729.2,,10595.01,2023_July_Statement (7)_page_2_table_1.png
2023-07-19,TESCO PFS 3838 CD 0515,28.04,,11199.06,2023_July_Statement (7)_page_3_table_1.png
2023-07-20,.  eBay 0°02-10313-37 CD 0515,17.84,,11181.22,2023_July_Statement (7)_page_3_table_1.png
2023-07-20,.  EUROCARPARTSCCD 0515,174.0,,11007.22,2023_July_Statement (7)_page_3_table_1.png
2023-07-21,MERCHANT RENTALS,26.39,,10980.83,2023_July_Statement (7)_page_3_table_1.png
2023-07-21,ONT EE MT,,320.0,11300.83,2023_July_Statement (7)_page_3_table_1.png
2023-07-21,.  APPLE.COM/BILL CD 0515,2.49,,11298.34,2023_July_Statement (7)_page_3_table_1.png
2023-07-24,Tete danny,,1350.0,12648.34,2023_July_Statement (7)_page_3_table_1.png
2023-07-24,SBay O08-10821-13 CD 0515,18.96,,10832.38,2023_July_Statement (7)_page_3_table_1.png
2023-07-25,.  IKEALTD 140 WARRICD 0523,6.05,,10826.33,2023_July_Statement (7)_page_3_table_1.png
2023-07-25,rye ACCRINGTON R CD,30.03,,10796.3,2023_July_Statement (7)_page_3_table_1.png
2023-07-26,".  -RP18120964 TFR 40.00 10,836.30",40.0,,10836.3,2023_July_Statement (7)_page_3_table_1.png
2023-07-26,Oe eee,,67.0,10903.3,2023_July_Statement (7)_page_3_table_1.png
2023-07-26,EQUITY CAR HIRE LTHGS9,,800.0,11708.3,2023_July_Statement (7)_page_3_table_1.png
2023-07-26,.  FACEBK “JNTF8SF5G2 CD 0515,0.08,,11703.22,2023_July_Statement (7)_page_3_table_1.png
2023-07-26,.  BRCEBK *Z6QQDSTSG2 CD,2.0,,11701.22,2023_July_Statement (7)_page_3_table_1.png
2023-07-26,.  GENERAL TRAFFIC-BL CD 0523,168.33,,11532.89,2023_July_Statement (7)_page_3_table_1.png
2023-07-26,.  VANTAGE TOYOTA CD 0523s -,417.22,,11115.67,2023_July_Statement (7)_page_3_table_1.png
2023-07-07,OTT SOOO,,780.0,11895.67,2023_July_Statement (7)_page_3_table_1.png
2023-10-04,.  VANTAGE TOYOTACD 0531 — _,600.0,,11480.57,2023_October_Statement (5)_page_2_table_1.png
2023-10-05,PAYMENTSENS EM,,60.0,11540.57,2023_October_Statement (5)_page_2_table_1.png
2023-10-05,Rightway Cash &CaCD0531 ‘,59.98,,11480.59,2023_October_Statement (5)_page_2_table_1.png
2023-10-05,Amazon.co.uk*HT3Q0 CD 0531,63.68,,11416.91,2023_October_Statement (5)_page_2_table_1.png
2023-10-06,TO CENCE,,365.0,11630.66,2023_October_Statement (5)_page_2_table_1.png
2023-10-13,eet ae y934982 RADIO,500.0,,15826.11,2023_October_Statement (5)_page_3_table_1.png
2023-10-16," MANA ooo og zI658o061  EPO 200.00 15,617.12",200.0,,15617.12,2023_October_Statement (5)_page_3_table_1.png
2023-10-16,Oe ESET,,270.0,15887.12,2023_October_Statement (5)_page_3_table_1.png
2023-10-16," WAWWANINELIFE.EUCD 0531  pep 39.15 15,833.98",39.15,,15833.98,2023_October_Statement (5)_page_3_table_1.png
2023-10-16,Mottats Motor Acc CD 0531,1880.74,,13953.24,2023_October_Statement (5)_page_3_table_1.png
2023-10-16,AMZNMktplace CD 0531,62.99,,13890.25,2023_October_Statement (5)_page_3_table_1.png
2023-10-07,OSE,,1010.0,14900.25,2023_October_Statement (5)_page_3_table_1.png
2023-10-07,Oo Mol 058181 WEB,200.0,,14700.25,2023_October_Statement (5)_page_3_table_1.png
2023-10-07," SERVICE CHARGES REF : PAY 7.00 14,873.25",7.0,,14873.25,2023_October_Statement (5)_page_3_table_1.png
2023-10-08,FO eee een,,3540.0,18200.77,2023_October_Statement (5)_page_3_table_1.png
2023-10-20,.  AMZNMKkiplace CD 0531,95.97,,20176.8,2023_October_Statement (5)_page_3_table_1.png
2023-10-20,.  AMZNMKktplace CD 0531,20.99,,20155.81,2023_October_Statement (5)_page_3_table_1.png
2023-10-23,OO ENCES,,600.0,20755.81,2023_October_Statement (5)_page_4_table_1.png
2023-10-23,"te oop ogo 2e7 496707  EPO 300.00 20,455.81",300.0,,20455.81,2023_October_Statement (5)_page_4_table_1.png
2023-10-23,359000001227457652 GARAGE,210.0,,19795.81,2023_October_Statement (5)_page_4_table_1.png
2023-10-23,FEETE.COMIBILL CD 0531,2.99,,19792.82,2023_October_Statement (5)_page_4_table_1.png
2023-10-23,OO a NSE MT,,750.0,20542.82,2023_October_Statement (5)_page_4_table_1.png
2023-10-23,.  EUROCARPARTSCCD0531_ ‘,115.0,,20401.43,2023_October_Statement (5)_page_4_table_1.png
2023-10-24,Oe EON NOT,,990.0,21391.43,2023_October_Statement (5)_page_4_table_1.png
2023-10-24,AMZNMktplace CD 0531,3.49,,21387.94,2023_October_Statement (5)_page_4_table_1.png
2023-10-25,.  WWW.NINELIFE.EU CD 0531,39.15,,21399.29,2023_October_Statement (5)_page_4_table_1.png
2023-10-25,.  AMZNMktplace CD 0531,95.97,,21495.26,2023_October_Statement (5)_page_4_table_1.png
2023-10-25,AMZNMktplace CD 0531,59.95,,21435.31,2023_October_Statement (5)_page_4_table_1.png
2023-10-26,.  Fe SE So,,1860.0,23295.31,2023_October_Statement (5)_page_4_table_1.png
2023-10-26,a ea tas paRTs,2900.0,,20395.31,2023_October_Statement (5)_page_4_table_1.png
2023-10-27,« PAYMENT SENSE,,840.0,21235.31,2023_October_Statement (5)_page_4_table_1.png
2023-10-27,.-—« : eBay O*17-10705-42CD 0531 ‘ ~,7.95,,21227.36,2023_October_Statement (5)_page_4_table_1.png
2023-10-27,—* Rightway Cash & Ca CD 0531,8.99,,21218.37,2023_October_Statement (5)_page_4_table_1.png
2023-10-27,.-~—«  VANTAGE TOYOTA CD 0531,1011.78,,20206.59,2023_October_Statement (5)_page_4_table_1.png
2023-10-30,OTe Seo,,2240.0,22446.59,2023_October_Statement (5)_page_4_table_1.png
2023-06-15,PAYMENT Se MT,,1120.0,4840.16,Statement1_page_2_table_1.png
2023-06-16,FRENTE MT,,90.0,4930.16,Statement1_page_2_table_1.png
2023-06-19,OTT,60.8,,4869.36,Statement1_page_2_table_1.png
2023-06-19,Oe eet b4087,1298.93,,3570.43,Statement1_page_2_table_1.png
2023-06-19," SERNICE CHARGES REF : PAY 7.00 3,563.43",7.0,,3563.43,Statement1_page_2_table_1.png
2023-06-20,OTR ee MT,,1900.0,5463.43,Statement1_page_2_table_1.png
2023-06-21,MERCHANT RENTALS,26.39,,5487.04,Statement1_page_2_table_1.png
2023-06-21,EE,,1150.0,6587.04,Statement1_page_2_table_1.png
2023-06-21,DVSACD 0515,398.0,,6189.04,Statement1_page_2_table_1.png
2023-06-21,APPLE.COM/BILL CD 0515,2.49,,6186.55,Statement1_page_2_table_1.png
2023-06-26,[NO_DESCRIPTION],,400.0,7556.55,Statement1_page_2_table_1.png
2023-06-26,SoognpuTtas113216 779156,500.0,,7056.55,Statement1_page_2_table_1.png
2023-06-26,Jee COPAY AT PUMP,30.0,,7026.55,Statement1_page_2_table_1.png
2023-06-26,BRIELLE BLACKBURN RO CD,30.0,,6996.55,Statement1_page_2_table_1.png
2023-06-27,Oo,,130.0,7126.55,Statement1_page_2_table_1.png
2023-06-27," MA AZAD soon ogo 1 1o9 754098  EPO 200.00 6,926.55",200.0,,6926.55,Statement1_page_2_table_1.png
2023-06-28,.  VANTAGE TOYOTACD0S15_ _—‘ :~,1330.0,,6326.55,Statement1_page_2_table_1.png
2023-06-29,Etsy.com - KingsCo CD 0515,25.1,,6301.45,Statement1_page_2_table_1.png
